,Unnamed: 0,Name,capacityTon,capacityM3,lengthCm,widthCm,maxDraughtCm,minDraughtCm,barge_M2,categoryM2,categoryTon,categoryM3
0,0,Gracias,2673.0,2900.0,10999.0,1145.0,320.0,95.0,12593855.0,13704900,2676.0,3033.0
1,1,Eiltank 39,1362.0,1500.0,8597.0,950.0,279.0,140.0,8167150.0,8174100,1768.0,1599.0
2,2,Ijsselstroom,1314.0,2077.0,8100.0,899.0,,,7281900.0,8174100,1314.0,2077.0
3,3,Terzo,1768.0,2077.0,8400.0,960.0,,,8064000.0,8174100,1768.0,2077.0
4,4,Dettmer Tank 118,3130.0,3033.0,8600.0,1100.0,,,9460000.0,9556800,3130.0,3033.0
5,5,Manuel,2676.0,3033.0,11000.0,1140.0,,,12540000.0,13704900,2676.0,3033.0
6,6,Ingeborg,1314.0,1599.0,8000.0,818.0,,,6544000.0,6791400,1314.0,1599.0
7,7,Jarona,1768.0,2077.0,8400.0,948.0,,,7963200.0,8174100,1768.0,2077.0
8,8,Schelde,1749.0,2060.0,8600.0,1062.0,321.0,153.0,9133200.0,9556800,1768.0,2077.0
9,9,Quellensee,1210.0,1535.0,8000.0,819.0,268.0,92.0,6552000.0,6791400,1314.0,1599.0
10,10,Eiltank 24,3584.0,3989.0,10900.0,1050.0,,,11445000.0,12322200,3584.0,3989.0
11,12,Relationship II,1768.0,2077.0,8400.0,949.0,,,7971600.0,8174100,1768.0,2077.0
12,13,Walter Deymann,1768.0,2077.0,8400.0,950.0,,,7980000.0,8174100,1768.0,2077.0
13,14,Servus,4946.0,5423.0,13500.0,1145.0,,,15457500.0,16470300,4946.0,5423.0
14,15,Elise,2828.0,3354.0,10976.0,1140.0,350.0,160.0,12512640.0,13704900,3130.0,3511.0
15,16,Sophia,2676.0,3033.0,11000.0,1140.0,,,12540000.0,13704900,2676.0,3033.0
16,17,Zeebrugge,2676.0,3033.0,9000.0,956.0,,,8604000.0,9556800,2676.0,3033.0
17,18,Internautic 3,2676.0,3511.0,10400.0,900.0,,,9360000.0,9556800,2676.0,3511.0
18,19,Reinie,3584.0,3989.0,11000.0,1145.0,,,12595000.0,13704900,3584.0,3989.0
19,20,Eiltank 43,2222.0,3033.0,10400.0,950.0,,,9880000.0,10939500,2222.0,3033.0
20,22,Antonela,2222.0,2555.0,8500.0,1050.0,,,8925000.0,9556800,2222.0,2555.0
21,23,Diane,4946.0,5423.0,13500.0,1145.0,,,15457500.0,16470300,4946.0,5423.0
22,24,Bohemia ,3130.0,3511.0,11000.0,1170.0,,,12870000.0,13704900,3130.0,3511.0
23,25,Stadt Aschaffenburg,3130.0,3989.0,10900.0,1100.0,,,11990000.0,12322200,3130.0,3989.0
24,26,Oase,3584.0,4467.0,12500.0,1145.0,,,14312500.0,15087600,3584.0,4467.0
25,27,Vectura,3584.0,3989.0,11000.0,1145.0,,,12595000.0,13704900,3584.0,3989.0
26,28,Yvonne,1768.0,2077.0,8400.0,902.0,,,7576800.0,8174100,1768.0,2077.0
27,29,Novalis,2676.0,3033.0,11000.0,1140.0,,,12540000.0,13704900,2676.0,3033.0
28,30,Franken,3584.0,3989.0,11000.0,1145.0,,,12595000.0,13704900,3584.0,3989.0
29,31,Gitte,3130.0,3033.0,11000.0,1144.0,,,12584000.0,13704900,3130.0,3033.0
30,32,Gemini,2676.0,3033.0,11000.0,1140.0,,,12540000.0,13704900,2676.0,3033.0
31,33,Asterode,1768.0,2077.0,8600.0,960.0,,,8256000.0,9556800,1768.0,2077.0
32,34,Eiltank 232,2676.0,3511.0,10900.0,1145.0,,,12480500.0,13704900,2676.0,3511.0
33,35,Suanca,1768.0,2077.0,8400.0,952.0,,,7996800.0,8174100,1768.0,2077.0
34,36,Hans Nico,3584.0,3989.0,11000.0,1145.0,,,12595000.0,13704900,3584.0,3989.0
35,37,Kepler,1655.0,1700.0,10588.0,1101.0,250.0,140.0,11657388.0,12322200,1768.0,2077.0
36,38,Heinrich Burmester ,1314.0,2077.0,8000.0,900.0,,,7200000.0,8174100,1314.0,2077.0
37,40,Ulekrite,1746.0,1800.0,8596.0,948.0,331.0,137.0,8149008.0,8174100,1768.0,2077.0
38,41,Eiltank 21,3584.0,3989.0,10900.0,1050.0,,,11445000.0,12322200,3584.0,3989.0
39,42,Judith,1768.0,2077.0,8000.0,952.0,,,7616000.0,8174100,1768.0,2077.0
40,43,Botein,3228.0,3600.0,11000.0,1145.0,377.0,160.0,12595000.0,13704900,3584.0,3989.0
41,44,Eiltank 66,1768.0,2077.0,8500.0,950.0,,,8075000.0,8174100,1768.0,2077.0
42,45,Selina,1768.0,2077.0,8500.0,900.0,,,7650000.0,8174100,1768.0,2077.0
43,46,Hannah Luisa,1768.0,2077.0,8500.0,960.0,,,8160000.0,8174100,1768.0,2077.0
44,47,Caritas 1,7216.0,7335.0,18000.0,1140.0,,,20520000.0,20618400,7216.0,7335.0
45,48,Edersee,1768.0,2077.0,8500.0,1000.0,,,8500000.0,9556800,1768.0,2077.0
46,49,Vosta,2850.0,3014.0,11000.0,1145.0,340.0,90.0,12595000.0,13704900,3130.0,3033.0
47,50,Amstelstroom,1977.0,2705.0,9000.0,1144.0,301.0,118.0,10296000.0,10939500,2222.0,3033.0
48,51,Saffira,1768.0,1599.0,8600.0,950.0,,,8170000.0,8174100,1768.0,1599.0
49,52,Steinburg,1314.0,2077.0,8500.0,800.0,,,6800000.0,8174100,1314.0,2077.0
50,53,Santorini,2676.0,3511.0,10500.0,1054.0,,,11067000.0,12322200,2676.0,3511.0
51,54,Christian Burmester,1768.0,2077.0,8500.0,900.0,,,7650000.0,8174100,1768.0,2077.0
52,55,Jaguar,1768.0,2077.0,10400.0,1048.0,,,10899200.0,10939500,1768.0,2077.0
53,56,Triade,2792.0,3013.0,11000.0,1045.0,331.0,90.0,11495000.0,12322200,3130.0,3033.0
54,57,Sonora,2676.0,3033.0,11000.0,1140.0,,,12540000.0,13704900,2676.0,3033.0
55,58,Echternach,3130.0,3511.0,10200.0,1200.0,,,12240000.0,12322200,3130.0,3511.0
56,59,Hanneke,1677.0,1857.0,8598.0,960.0,320.0,96.0,8254080.0,9556800,1768.0,2077.0
57,60,Eiltank 19,1768.0,2077.0,10400.0,1050.0,,,10920000.0,10939500,1768.0,2077.0
58,61,Zambezi,1795.0,1877.0,8116.0,1019.0,330.0,160.0,8270204.0,9556800,2222.0,2077.0
59,62,Markstroom,2738.0,3350.0,10990.0,1145.0,341.0,170.0,12583550.0,13704900,3130.0,3511.0
60,63,Aquaship,3101.0,3382.0,10992.0,1145.0,366.0,140.0,12585840.0,13704900,3130.0,3511.0
61,64,Hornhafen,1314.0,1599.0,6500.0,960.0,,,6240000.0,6791400,1314.0,1599.0
62,65,Julier,2703.0,3175.0,10980.0,1125.0,330.0,130.0,12352500.0,13704900,3130.0,3511.0
63,66,TYRO,2676.0,3511.0,10900.0,1145.0,,,12480500.0,13704900,2676.0,3511.0
64,67,Manouk II,1768.0,2077.0,11000.0,1000.0,,,11000000.0,12322200,1768.0,2077.0
65,68,Copenhagen,3584.0,3989.0,11000.0,1145.0,,,12595000.0,13704900,3584.0,3989.0
66,69,Florian Burmester,1575.0,1843.0,8490.0,960.0,320.0,125.0,8150400.0,8174100,1768.0,2077.0
67,70,Eiltank 69,2405.0,2450.0,10993.0,1050.0,320.0,93.0,11542650.0,12322200,2676.0,2555.0
68,71,Julia,1605.0,1750.0,8580.0,960.0,313.0,100.0,8236800.0,9556800,1768.0,2077.0
69,72,Pegasus,2494.0,3361.0,10982.0,1143.0,320.0,180.0,12552426.0,13704900,2676.0,3511.0
70,73,Escape,3584.0,4467.0,12500.0,1145.0,,,14312500.0,15087600,3584.0,4467.0
71,74,Queste,4562.0,5198.0,13500.0,1145.0,416.0,100.0,15457500.0,16470300,4946.0,5423.0
72,75,Marsja,3130.0,3033.0,11000.0,1144.0,,,12584000.0,13704900,3130.0,3033.0
73,76,Canada,1768.0,2077.0,10400.0,1054.0,,,10961600.0,12322200,1768.0,2077.0
74,77,Doris Deymann,2301.0,3275.0,11000.0,1140.0,300.0,102.0,12540000.0,13704900,2676.0,3511.0
75,78,Helga Deymann,2991.0,3750.0,10995.0,1145.0,360.0,101.0,12589275.0,13704900,3130.0,3989.0
76,79,Arne,1745.0,2060.0,8586.0,1062.0,321.0,165.0,9118332.0,9556800,1768.0,2077.0
77,80,Britanic,3584.0,3989.0,11000.0,1145.0,,,12595000.0,13704900,3584.0,3989.0
78,81,Hartelstroom,2750.0,3350.0,10990.0,1145.0,480.0,160.0,12583550.0,13704900,3130.0,3511.0
79,82,Aquamarin,3130.0,3989.0,10900.0,1136.0,,,12382400.0,13704900,3130.0,3989.0
80,83,Europa,2676.0,2555.0,11000.0,1050.0,,,11550000.0,12322200,2676.0,2555.0
81,84,Margret Deymann,3210.0,3779.0,11000.0,1145.0,376.0,148.0,12595000.0,13704900,3584.0,3989.0
82,85,Viking Karve,1563.0,1841.0,8100.0,1015.0,307.0,122.0,8221500.0,9556800,1768.0,2077.0
83,86,Hydrophylida,1314.0,2077.0,8000.0,900.0,,,7200000.0,8174100,1314.0,2077.0
84,87,Noah,1314.0,1599.0,7600.0,1000.0,,,7600000.0,8174100,1314.0,1599.0
85,89,Reinhold Deymann,1768.0,2077.0,8400.0,958.0,,,8047200.0,8174100,1768.0,2077.0
86,90,Dutch Pride,2950.0,3400.0,11000.0,1145.0,345.0,90.0,12595000.0,13704900,3130.0,3511.0
87,91,Partner,1314.0,1599.0,6500.0,900.0,,,5850000.0,6791400,1314.0,1599.0
88,92,Rina,3584.0,3989.0,11000.0,1145.0,,,12595000.0,13704900,3584.0,3989.0
89,93,Carrera,2676.0,3033.0,11000.0,1140.0,,,12540000.0,13704900,2676.0,3033.0
90,94,Idris,1768.0,2077.0,8400.0,950.0,,,7980000.0,8174100,1768.0,2077.0
91,95,Castor,4946.0,5423.0,13500.0,1145.0,,,15457500.0,16470300,4946.0,5423.0
92,96,Artemis,1768.0,2077.0,8500.0,900.0,,,7650000.0,8174100,1768.0,2077.0
93,97,Martens 4,1314.0,1599.0,7900.0,902.0,,,7125800.0,8174100,1314.0,1599.0
94,98,Eiltank 81,3342.0,4038.0,12499.0,1145.0,348.0,134.0,14311355.0,15087600,3584.0,4467.0
95,99,Svenja Reich,2676.0,3511.0,10900.0,1145.0,,,12480500.0,13704900,2676.0,3511.0
96,100,RP Rotterdam,3584.0,3989.0,11000.0,1145.0,,,12595000.0,13704900,3584.0,3989.0
97,101,Wiki,1419.0,1505.0,8596.0,955.0,272.0,100.0,8209180.0,9556800,1768.0,1599.0
98,102,Eiltank 17,2676.0,3511.0,11000.0,1013.0,,,11143000.0,12322200,2676.0,3511.0
99,103,Buran,1768.0,2077.0,8500.0,950.0,,,8075000.0,8174100,1768.0,2077.0
100,104,Otter,1768.0,2077.0,9400.0,900.0,,,8460000.0,9556800,1768.0,2077.0
101,105,River,3584.0,4467.0,12500.0,1145.0,,,14312500.0,15087600,3584.0,4467.0
102,106,Diff,1690.0,1900.0,8600.0,960.0,322.0,141.0,8256000.0,9556800,1768.0,2077.0
103,107,Cayman,4038.0,4467.0,10900.0,1140.0,,,12426000.0,13704900,4038.0,4467.0
104,108,Nicole Burmester,1768.0,2077.0,8500.0,960.0,,,8160000.0,8174100,1768.0,2077.0
105,109,David,2468.0,2432.0,11000.0,1050.0,320.0,83.0,11550000.0,12322200,2676.0,2555.0
106,110,Chantal,2676.0,3511.0,10900.0,1145.0,,,12480500.0,13704900,2676.0,3511.0
107,111,Edgar Jaegers,3584.0,3989.0,10800.0,1055.0,,,11394000.0,12322200,3584.0,3989.0
108,112,Viktoria Jaegers,3130.0,3511.0,10800.0,1140.0,,,12312000.0,12322200,3130.0,3511.0
109,113,Argo,1725.0,1863.0,8130.0,1024.0,320.0,91.0,8325120.0,9556800,1768.0,2077.0
110,114,Manus,2676.0,3033.0,11000.0,1104.0,,,12144000.0,12322200,2676.0,3033.0
111,115,Mariska,3250.0,3780.0,11000.0,1145.0,376.0,98.0,12595000.0,13704900,3584.0,3989.0
112,116,Saba,1768.0,2077.0,8600.0,960.0,,,8256000.0,9556800,1768.0,2077.0
113,117,Inka,10394.0,1121.0,6500.0,826.0,,,5369000.0,5408700,10394.0,1121.0
114,118,Eiltank 72,3200.0,3781.0,11000.0,1145.0,376.0,150.0,12595000.0,13704900,3584.0,3989.0
115,119,La Pareja,3584.0,3989.0,11000.0,1145.0,,,12595000.0,13704900,3584.0,3989.0
116,120,Blikplaat,1734.0,1837.0,8596.0,948.0,331.0,137.0,8149008.0,8174100,1768.0,2077.0
117,121,Aswintha,3584.0,3989.0,11000.0,1145.0,,,12595000.0,13704900,3584.0,3989.0
118,122,Bergse Diep,3508.0,4000.0,11000.0,1350.0,365.0,160.0,14850000.0,15087600,3584.0,4467.0
119,123,Linda B,1314.0,1599.0,8000.0,819.0,,,6552000.0,6791400,1314.0,1599.0
120,124,Zinnia,1314.0,2077.0,8000.0,900.0,,,7200000.0,8174100,1314.0,2077.0
121,125,Experience,4946.0,5423.0,13500.0,1145.0,,,15457500.0,16470300,4946.0,5423.0
122,126,Josefin,1768.0,2077.0,8600.0,900.0,,,7740000.0,8174100,1768.0,2077.0
123,127,Admiral,3584.0,3989.0,11000.0,1145.0,,,12595000.0,13704900,3584.0,3989.0
124,128,Eline,3584.0,3989.0,11000.0,1145.0,,,12595000.0,13704900,3584.0,3989.0
125,129,Linde,4038.0,4467.0,10900.0,1140.0,,,12426000.0,13704900,4038.0,4467.0
126,130,Eiltank 45,4038.0,4467.0,10900.0,1139.0,,,12415100.0,13704900,4038.0,4467.0
127,131,Christina,1768.0,2077.0,8500.0,950.0,,,8075000.0,8174100,1768.0,2077.0
128,132,Dongestroom,2676.0,3511.0,9000.0,1140.0,,,10260000.0,10939500,2676.0,3511.0
129,133,Megan,3130.0,3989.0,10400.0,1145.0,,,11908000.0,12322200,3130.0,3989.0
130,134,Eiltank 44,3584.0,4467.0,12500.0,1140.0,,,14250000.0,15087600,3584.0,4467.0
131,135,Spessart,2676.0,3033.0,11000.0,1100.0,,,12100000.0,12322200,2676.0,3033.0
132,136,Fidelity,2500.0,2900.0,11000.0,1140.0,309.0,95.0,12540000.0,13704900,2676.0,3033.0
133,137,Arena,3584.0,3989.0,11000.0,1145.0,,,12595000.0,13704900,3584.0,3989.0
134,138,Eede,1746.0,2060.0,8586.0,1062.0,321.0,155.0,9118332.0,9556800,1768.0,2077.0
135,139,Cascade,3130.0,3033.0,10000.0,1150.0,,,11500000.0,12322200,3130.0,3033.0
136,140,Eiltank 18,3130.0,3989.0,10900.0,1052.0,,,11466800.0,12322200,3130.0,3989.0
137,141,Eiltank 20,1768.0,2077.0,10400.0,1050.0,,,10920000.0,10939500,1768.0,2077.0
138,142,Eternity,3584.0,3989.0,11000.0,1145.0,,,12595000.0,13704900,3584.0,3989.0
139,143,Sempachersee,1768.0,2077.0,8600.0,960.0,,,8256000.0,9556800,1768.0,2077.0
140,144,Trivor,3091.0,3779.0,11000.0,1145.0,364.0,132.0,12595000.0,13704900,3130.0,3989.0
141,145,Stad Stavoren,1314.0,1599.0,6500.0,900.0,,,5850000.0,6791400,1314.0,1599.0
142,146,Marion,2676.0,2555.0,10500.0,1101.0,,,11560500.0,12322200,2676.0,2555.0
143,147,Eiltank 49,4038.0,4467.0,10900.0,1140.0,,,12426000.0,13704900,4038.0,4467.0
144,148,Freyja,1768.0,2077.0,8400.0,950.0,,,7980000.0,8174100,1768.0,2077.0
145,149,GANDA,1768.0,2077.0,8500.0,950.0,,,8075000.0,8174100,1768.0,2077.0
146,150,Bliek,1768.0,2077.0,8400.0,960.0,,,8064000.0,8174100,1768.0,2077.0
147,151,Macan,3156.0,4035.0,11000.0,1140.0,379.0,106.0,12540000.0,13704900,3584.0,4467.0
148,152,Excalibur II,2676.0,3033.0,11000.0,1100.0,,,12100000.0,12322200,2676.0,3033.0
149,153,Tricolore,3584.0,4467.0,12500.0,1145.0,,,14312500.0,15087600,3584.0,4467.0
150,154,Santiago,1768.0,2077.0,8500.0,960.0,,,8160000.0,8174100,1768.0,2077.0
151,155,Calimero,1768.0,2077.0,8500.0,1000.0,,,8500000.0,9556800,1768.0,2077.0
152,156,Tromso,2446.0,3559.0,10494.0,1049.0,320.0,150.0,11008206.0,12322200,2676.0,3989.0
153,157,Eiltank 28,1663.0,1875.0,10000.0,1100.0,310.0,96.0,11000000.0,12322200,1768.0,2077.0
154,158,Matrix,4946.0,5423.0,13500.0,1145.0,,,15457500.0,16470300,4946.0,5423.0
155,159,Euphory,2581.0,3026.0,11000.0,1145.0,315.0,155.0,12595000.0,13704900,2676.0,3033.0
156,160,Giessenstroom,4038.0,4467.0,10900.0,1140.0,,,12426000.0,13704900,4038.0,4467.0
157,161,Zennestroom,3130.0,3033.0,11000.0,1144.0,,,12584000.0,13704900,3130.0,3033.0
158,162,Equity,3180.0,3758.0,11000.0,1145.0,377.0,105.0,12595000.0,13704900,3584.0,3989.0
159,163,Poseidon,2511.0,3351.0,10970.0,1145.0,322.0,170.0,12560650.0,13704900,2676.0,3511.0
160,165,Zugersee,2676.0,3511.0,11000.0,950.0,,,10450000.0,10939500,2676.0,3511.0
161,166,Eiltank 233,2676.0,3511.0,10900.0,1145.0,,,12480500.0,13704900,2676.0,3511.0
162,167,Rufat,1768.0,2077.0,8000.0,926.0,,,7408000.0,8174100,1768.0,2077.0
163,168,Bacchus,4946.0,5423.0,13500.0,1150.0,,,15525000.0,16470300,4946.0,5423.0
164,169,Frank Burmester,1314.0,2077.0,8000.0,900.0,,,7200000.0,8174100,1314.0,2077.0
165,170,Jessica,2676.0,2555.0,10500.0,1100.0,,,11550000.0,12322200,2676.0,2555.0
166,171,Hayley,1768.0,2077.0,8500.0,900.0,,,7650000.0,8174100,1768.0,2077.0
167,172,Hanne W,1768.0,1599.0,8600.0,1050.0,,,9030000.0,9556800,1768.0,1599.0
168,173,Fortuna,4038.0,4467.0,11000.0,1130.0,,,12430000.0,13704900,4038.0,4467.0
169,174,Wotan,1768.0,2077.0,8500.0,950.0,,,8075000.0,8174100,1768.0,2077.0
170,175,Lizzy,1768.0,2077.0,8500.0,948.0,,,8058000.0,8174100,1768.0,2077.0
171,176,Visioen,3584.0,3989.0,11000.0,1145.0,,,12595000.0,13704900,3584.0,3989.0
172,177,Concentus II,2676.0,3033.0,11000.0,1140.0,,,12540000.0,13704900,2676.0,3033.0
173,178,Novum,1768.0,2077.0,8500.0,964.0,,,8194000.0,9556800,1768.0,2077.0
174,179,Ocean,3584.0,4467.0,12500.0,1145.0,,,14312500.0,15087600,3584.0,4467.0
175,180,Max,2676.0,3511.0,10400.0,900.0,,,9360000.0,9556800,2676.0,3511.0
176,181,Tanja Deymann I,1768.0,2077.0,8400.0,960.0,,,8064000.0,8174100,1768.0,2077.0
177,182,Staatsman ,9032.0,10681.0,13500.0,1710.0,,,23085000.0,23383800,9032.0,10681.0
178,183,Carolin,2676.0,3033.0,11000.0,1140.0,,,12540000.0,13704900,2676.0,3033.0
179,184,Nordwind,1314.0,1599.0,7900.0,819.0,,,6470100.0,6791400,1314.0,1599.0
180,185,Grete Marie,1768.0,1599.0,8600.0,950.0,,,8170000.0,8174100,1768.0,1599.0
181,186,Tankpartner,3130.0,3989.0,11000.0,1125.0,,,12375000.0,13704900,3130.0,3989.0
182,187,Lazio,3584.0,3989.0,11000.0,1145.0,,,12595000.0,13704900,3584.0,3989.0
183,188,Main Spessart,2676.0,2555.0,11000.0,1050.0,,,11550000.0,12322200,2676.0,2555.0
184,189,Naduah,2676.0,3033.0,11000.0,1140.0,,,12540000.0,13704900,2676.0,3033.0
185,190,Somtrans 9,2676.0,3511.0,10900.0,1145.0,,,12480500.0,13704900,2676.0,3511.0
186,191,Eiltank 41,4038.0,4467.0,10900.0,1140.0,,,12426000.0,13704900,4038.0,4467.0
187,192,Anna,3584.0,3989.0,9900.0,1141.0,,,11295900.0,12322200,3584.0,3989.0
188,193,Sonja,3130.0,3989.0,10700.0,1104.0,,,11812800.0,12322200,3130.0,3989.0
189,194,Viking,1768.0,2077.0,8500.0,950.0,,,8075000.0,8174100,1768.0,2077.0
190,195,Sydney,4188.0,4524.0,11000.0,1350.0,416.0,110.0,14850000.0,15087600,4492.0,4945.0
191,196,Baccarat,3185.0,3753.0,11000.0,1145.0,377.0,133.0,12595000.0,13704900,3584.0,3989.0
192,197,Dresden,2676.0,3511.0,9900.0,1040.0,,,10296000.0,10939500,2676.0,3511.0
193,198,Hermann Burmester,1314.0,1599.0,7900.0,892.0,,,7046800.0,8174100,1314.0,1599.0
194,199,Nikki,2222.0,2077.0,8600.0,963.0,,,8281800.0,9556800,2222.0,2077.0
195,200,Eiltank 65,2676.0,3033.0,11000.0,1140.0,,,12540000.0,13704900,2676.0,3033.0
196,201,Liberty,2676.0,3033.0,8600.0,1000.0,,,8600000.0,9556800,2676.0,3033.0
197,202,Nomadisch III,3109.0,3400.0,10990.0,1150.0,374.0,100.0,12638500.0,13704900,3130.0,3511.0
198,203,Almerode,2676.0,3033.0,9500.0,900.0,,,8550000.0,9556800,2676.0,3033.0
199,204,Anaconda,4492.0,4945.0,13500.0,1100.0,,,14850000.0,15087600,4492.0,4945.0
200,205,Asfra,1314.0,1599.0,6500.0,900.0,,,5850000.0,6791400,1314.0,1599.0
201,206,Georg Burmester,1768.0,2077.0,8500.0,1000.0,,,8500000.0,9556800,1768.0,2077.0
202,207,Tom Burmester,2676.0,3033.0,8600.0,1000.0,,,8600000.0,9556800,2676.0,3033.0
203,208,Christoph Burmester,1768.0,2077.0,8500.0,950.0,,,8075000.0,8174100,1768.0,2077.0
204,209,Skadi,2676.0,3033.0,8500.0,1140.0,,,9690000.0,10939500,2676.0,3033.0
205,210,Navio,1768.0,2077.0,8500.0,900.0,,,7650000.0,8174100,1768.0,2077.0
206,211,Verano,2676.0,3033.0,11000.0,1100.0,,,12100000.0,12322200,2676.0,3033.0
207,212,Mejora,4492.0,4945.0,13500.0,1100.0,,,14850000.0,15087600,4492.0,4945.0
208,213,Intruder,1768.0,2077.0,8200.0,908.0,,,7445600.0,8174100,1768.0,2077.0
209,214,Caritas 2,1314.0,1121.0,6100.0,660.0,,,4026000.0,4026000,1314.0,1121.0
210,215,Fenne,3584.0,3989.0,11000.0,1145.0,,,12595000.0,13704900,3584.0,3989.0
211,216,Harmonie,2676.0,3511.0,10700.0,1000.0,,,10700000.0,10939500,2676.0,3511.0
212,217,Gervais,3130.0,3033.0,11000.0,1144.0,,,12584000.0,13704900,3130.0,3033.0
213,218,Rita,1768.0,1599.0,8600.0,950.0,,,8170000.0,8174100,1768.0,1599.0
214,219,Till Deymann,2978.0,3460.0,10996.0,1145.0,375.0,160.0,12590420.0,13704900,3130.0,3511.0
215,220,Birjo,1369.0,1781.0,8000.0,900.0,277.0,120.0,7200000.0,8174100,1768.0,2077.0
216,221,Nicole II,3130.0,3511.0,11000.0,1150.0,,,12650000.0,13704900,3130.0,3511.0
217,222,Fint,2676.0,3511.0,11000.0,950.0,,,10450000.0,10939500,2676.0,3511.0
218,223,Voluntas,7216.0,7335.0,18000.0,1140.0,,,20520000.0,20618400,7216.0,7335.0
219,224,Groenendaal,4521.0,5188.0,13500.0,1145.0,416.0,150.0,15457500.0,16470300,4946.0,5423.0
220,225,Weststellingwerf,3584.0,3989.0,11000.0,1145.0,,,12595000.0,13704900,3584.0,3989.0
221,226,Procyon,3584.0,3989.0,11000.0,1145.0,,,12595000.0,13704900,3584.0,3989.0
222,227,Grevelingen,3508.0,4000.0,11000.0,1350.0,365.0,137.0,14850000.0,15087600,3584.0,4467.0
223,228,Tinaco,1314.0,1599.0,7900.0,825.0,,,6517500.0,6791400,1314.0,1599.0
224,229,Charlois,4492.0,5423.0,13500.0,1140.0,,,15390000.0,16470300,4492.0,5423.0
225,230,Benjamin,3130.0,3989.0,10500.0,1140.0,,,11970000.0,12322200,3130.0,3989.0
226,231,Christoph,1768.0,2077.0,8600.0,960.0,,,8256000.0,9556800,1768.0,2077.0
227,232,Viking Drakar,1768.0,2077.0,8400.0,960.0,,,8064000.0,8174100,1768.0,2077.0
228,233,Equally,2676.0,3033.0,10500.0,1145.0,,,12022500.0,12322200,2676.0,3033.0
229,234,Alpha 3,3584.0,3989.0,11000.0,1145.0,,,12595000.0,13704900,3584.0,3989.0
230,235,Heike Reich,1768.0,2077.0,8500.0,950.0,,,8075000.0,8174100,1768.0,2077.0
231,236,Endurance,3290.0,3752.0,10985.0,1145.0,381.0,100.0,12577825.0,13704900,3584.0,3989.0
232,237,Vici,3584.0,3989.0,11000.0,1145.0,,,12595000.0,13704900,3584.0,3989.0
233,238,Chardonnay,1768.0,1599.0,8600.0,950.0,,,8170000.0,8174100,1768.0,1599.0
234,239,Soprano,3130.0,3511.0,10900.0,1134.0,,,12360600.0,13704900,3130.0,3511.0
235,240,Reggestroom,2676.0,3511.0,9000.0,1140.0,,,10260000.0,10939500,2676.0,3511.0
236,241,Rhoen III,3584.0,3989.0,11000.0,1145.0,,,12595000.0,13704900,3584.0,3989.0
237,242,Haringvliet,4492.0,4945.0,11000.0,1350.0,,,14850000.0,15087600,4492.0,4945.0
238,243,Somtrans 7,3130.0,3033.0,10900.0,1054.0,,,11488600.0,12322200,3130.0,3033.0
239,244,Bernissestroom,3169.0,4337.0,10990.0,1140.0,369.0,160.0,12528600.0,13704900,3584.0,4467.0
240,245,Piz Terri,2676.0,3033.0,11000.0,1100.0,,,12100000.0,12322200,2676.0,3033.0
241,246,Gunter Deymann,1768.0,2077.0,8400.0,950.0,,,7980000.0,8174100,1768.0,2077.0
242,247,Atlas,2676.0,3033.0,11000.0,1140.0,,,12540000.0,13704900,2676.0,3033.0
243,248,Somtrans 4,4038.0,4467.0,10900.0,1140.0,,,12426000.0,13704900,4038.0,4467.0
244,249,Aegir,3584.0,3989.0,11000.0,1145.0,,,12595000.0,13704900,3584.0,3989.0
245,250,Eventus,3584.0,3989.0,11000.0,1145.0,,,12595000.0,13704900,3584.0,3989.0
246,251,Noortstroom,2676.0,3511.0,10400.0,900.0,,,9360000.0,9556800,2676.0,3511.0
247,252,Luise Deymann,1768.0,2077.0,8500.0,1000.0,,,8500000.0,9556800,1768.0,2077.0
248,253,Concentus,2676.0,3033.0,11000.0,1140.0,,,12540000.0,13704900,2676.0,3033.0
249,254,Myriam,4038.0,4945.0,12200.0,1350.0,,,16470000.0,16470300,4038.0,4945.0
250,255,Lotti Burmester,1768.0,2077.0,8500.0,950.0,,,8075000.0,8174100,1768.0,2077.0
251,256,Desirade,6034.0,6892.0,13469.0,1499.0,424.0,97.0,20190031.0,20618400,6308.0,7335.0
252,257,Dutch Princess,3240.0,3767.0,11000.0,1145.0,376.0,101.0,12595000.0,13704900,3584.0,3989.0
253,258,Marie Louise,3584.0,4467.0,12500.0,1145.0,,,14312500.0,15087600,3584.0,4467.0
254,259,Hortensia 2,1388.0,1744.0,8186.0,900.0,271.0,120.0,7367400.0,8174100,1768.0,2077.0
255,260,Libertas ,9032.0,9247.0,18000.0,1760.0,,,31680000.0,31680000,9032.0,9247.0
256,262,Discovery,3492.0,4240.0,12500.0,1145.0,366.0,150.0,14312500.0,15087600,3584.0,4467.0
257,263,Regina W,1314.0,1599.0,7900.0,899.0,,,7102100.0,8174100,1314.0,1599.0
258,264,Peter Jaegers,2676.0,3033.0,8600.0,1000.0,,,8600000.0,9556800,2676.0,3033.0
259,265,Theodela C,3584.0,3989.0,11000.0,1145.0,,,12595000.0,13704900,3584.0,3989.0
260,266,Chicago,3584.0,3989.0,11000.0,1145.0,,,12595000.0,13704900,3584.0,3989.0
261,267,Eiltank 124,1768.0,2077.0,10900.0,1000.0,,,10900000.0,10939500,1768.0,2077.0
262,268,Eiltank 4,1768.0,2077.0,8500.0,1000.0,,,8500000.0,9556800,1768.0,2077.0
263,269,Scaletta,2676.0,3033.0,11000.0,1140.0,,,12540000.0,13704900,2676.0,3033.0
264,270,Eenhoorn,2676.0,3033.0,11000.0,1140.0,,,12540000.0,13704900,2676.0,3033.0
265,271,Schotsman,4946.0,5423.0,13500.0,1145.0,,,15457500.0,16470300,4946.0,5423.0
266,272,Cathy,1314.0,1599.0,6500.0,960.0,,,6240000.0,6791400,1314.0,1599.0
267,273,Galiya,3584.0,3989.0,11000.0,1145.0,,,12595000.0,13704900,3584.0,3989.0
268,274,Gentle,4492.0,5423.0,11000.0,1400.0,,,15400000.0,16470300,4492.0,5423.0
269,275,Luana,3214.0,3780.0,10993.0,1145.0,376.0,520.0,12586985.0,13704900,3584.0,3989.0
270,277,Perseus,2898.0,3800.0,10990.0,1145.0,352.0,103.0,12583550.0,13704900,3130.0,3989.0
271,278,Somtrans 18,3212.0,3790.0,11000.0,1145.0,376.0,160.0,12595000.0,13704900,3584.0,3989.0
272,279,South Carolina,3366.0,4135.0,12500.0,1140.0,351.0,120.0,14250000.0,15087600,3584.0,4467.0
273,280,Ecotanker2,2877.0,3000.0,11000.0,1144.0,346.0,109.0,12584000.0,13704900,3130.0,3033.0
274,281,Corylophida,1709.0,1809.0,8587.0,958.0,320.0,145.0,8226346.0,9556800,1768.0,2077.0
275,282,Presto,2579.0,3231.0,8233.0,1130.0,484.0,250.0,9303290.0,9556800,2676.0,3511.0
276,283,Compaan,3606.0,3655.0,11000.0,1145.0,411.0,156.0,12595000.0,13704900,4038.0,3989.0
277,284,Company,1615.0,1800.0,8590.0,960.0,321.0,105.0,8246400.0,9556800,1768.0,2077.0
278,285,Levi,3204.0,3765.0,10000.0,1145.0,377.0,165.0,11450000.0,12322200,3584.0,3989.0
279,286,Spyder,2676.0,3033.0,11000.0,1140.0,,,12540000.0,13704900,2676.0,3033.0
280,287,Compas,2676.0,3033.0,11000.0,1100.0,,,12100000.0,12322200,2676.0,3033.0
281,288,Guatemala,1795.0,1800.0,8130.0,1019.0,330.0,101.0,8284470.0,9556800,2222.0,2077.0
282,289,Naima,1627.0,1850.0,8500.0,960.0,305.0,88.0,8160000.0,8174100,1768.0,2077.0
283,290,Somtrans 21,4296.0,5159.0,13500.0,1145.0,400.0,170.0,15457500.0,16470300,4492.0,5423.0
284,291,Steffi,1405.0,1710.0,8495.0,950.0,320.0,130.0,8070250.0,8174100,1768.0,2077.0
285,292,Alpheus,2657.0,3033.0,11000.0,1140.0,,,12540000.0,13704900,2676.0,3033.0
286,293,Tourmaline,4242.0,4500.0,10998.0,1358.0,444.0,180.0,14935284.0,15087600,4492.0,4945.0
287,294,Jessi,1552.0,1800.0,8474.0,964.0,300.0,135.0,8168936.0,8174100,1768.0,2077.0
288,295,Christiaan,1500.0,2077.0,11000.0,1100.0,,,12100000.0,12322200,1768.0,2077.0
289,296,Dissidentia,3130.0,3511.0,11000.0,1150.0,,,12650000.0,13704900,3130.0,3511.0
290,297,Hollands Diep,3079.0,3768.0,11000.0,1145.0,365.0,166.0,12595000.0,13704900,3130.0,3989.0
291,298,Serenitas,4492.0,4945.0,12500.0,1200.0,,,15000000.0,15087600,4492.0,4945.0
292,299,Bianca D,1600.0,2077.0,8600.0,1000.0,,,8600000.0,9556800,1768.0,2077.0
293,300,Aventura,2300.0,3033.0,11000.0,1100.0,,,12100000.0,12322200,2676.0,3033.0
294,301,Dominca,2600.0,3033.0,11000.0,1140.0,,,12540000.0,13704900,2676.0,3033.0
295,302,Ellen,2600.0,3033.0,11000.0,1140.0,,,12540000.0,13704900,2676.0,3033.0
296,303,Maike,3000.0,4467.0,12500.0,1140.0,,,14250000.0,15087600,3130.0,4467.0
297,304,Trimax,2676.0,3033.0,11000.0,1140.0,,,12540000.0,13704900,2676.0,3033.0
298,305,Compromis,3200.0,3989.0,13500.0,1200.0,,,16200000.0,16470300,3584.0,3989.0
299,306,Eiltank 26,2000.0,3511.0,10000.0,1100.0,,,11000000.0,12322200,2222.0,3511.0
300,307,Eiltank 70,2600.0,3033.0,11000.0,1200.0,,,13200000.0,13704900,2676.0,3033.0
301,308,North Carolina,3490.0,4156.0,12500.0,1145.0,361.0,145.0,14312500.0,15087600,3584.0,4467.0
302,309,Amstel,3033.0,3352.0,11000.0,1145.0,351.0,130.0,12595000.0,13704900,3130.0,3511.0
303,310,Aladin,4179.0,4522.0,10999.0,1354.0,420.0,160.0,14892646.0,15087600,4492.0,4945.0
304,311,Alex,999.0,1259.0,7180.0,819.0,250.0,92.0,5880420.0,6791400,1314.0,1599.0
305,312,Marlene 2,1458.0,2162.0,8538.0,950.0,282.0,120.0,8111100.0,8174100,1768.0,2555.0
306,313,Almeria,3200.0,3800.0,11000.0,1145.0,377.0,103.0,12595000.0,13704900,3584.0,3989.0
307,314,Denver,1343.0,1542.0,8574.0,1050.0,267.0,99.0,9002700.0,9556800,1768.0,1599.0
308,315,Amphiro,4306.0,4516.0,10995.0,1354.0,426.0,150.0,14887230.0,15087600,4492.0,4945.0
309,316,Alie-Jan,1765.0,1884.0,8600.0,948.0,350.0,150.0,8152800.0,8174100,1768.0,2077.0
310,317,Ancona,3549.0,4151.0,11000.0,1145.0,405.0,102.0,12595000.0,13704900,3584.0,4467.0
311,318,Anthony,2759.0,3684.0,10865.0,1054.0,351.0,180.0,11451710.0,12322200,3130.0,3989.0
312,319,Antonie,2058.0,2172.0,8460.0,1054.0,353.0,110.0,8916840.0,9556800,2222.0,2555.0
313,320,Antonie C,4227.0,4526.0,11000.0,1358.0,433.0,105.0,14938000.0,15087600,4492.0,4945.0
314,321,Rubikon,1501.0,1855.0,8600.0,1140.0,310.0,484.0,9804000.0,10939500,1768.0,2077.0
315,322,Aruba,3177.0,3735.0,11000.0,1145.0,370.0,123.0,12595000.0,13704900,3584.0,3989.0
316,323,Astra,2886.0,3017.0,10998.0,1144.0,341.0,140.0,12581712.0,13704900,3130.0,3033.0
317,324,Banco,3458.0,4159.0,10988.0,1145.0,404.0,165.0,12581260.0,13704900,3584.0,4467.0
318,325,Orms,2475.0,3380.0,11000.0,952.0,333.0,145.0,10472000.0,10939500,2676.0,3511.0
319,326,Ben,1940.0,2624.0,10500.0,950.0,285.0,160.0,9975000.0,10939500,2222.0,3033.0
320,327,Achilles,3134.0,3548.0,11000.0,1145.0,374.0,103.0,12595000.0,13704900,3584.0,3989.0
321,328,Alexandria,2491.0,2965.0,10986.0,1050.0,343.0,160.0,11535300.0,12322200,2676.0,3033.0
322,329,Alexia,1541.0,1865.0,8496.0,960.0,286.0,130.0,8156160.0,8174100,1768.0,2077.0
323,330,Amelie 1,3189.0,3767.0,10996.0,1143.0,376.0,172.0,12568428.0,13704900,3584.0,3989.0
324,331,Amelie 2,4556.0,4554.0,12490.0,1145.0,455.0,150.0,14301050.0,15087600,4946.0,4945.0
325,332,Amerix,1700.0,1881.0,8590.0,960.0,321.0,102.0,8246400.0,9556800,1768.0,2077.0
326,333,Ayla,1210.0,1551.0,8500.0,825.0,260.0,105.0,7012500.0,8174100,1314.0,1599.0
327,334,Antares,6231.0,6768.0,13500.0,1500.0,432.0,95.0,20250000.0,20618400,6308.0,6857.0
328,335,Antibes,6208.0,6764.0,13500.0,1500.0,430.0,95.0,20250000.0,20618400,6308.0,6857.0
329,336,Antigua,1739.0,1826.0,8494.0,960.0,329.0,140.0,8154240.0,8174100,1768.0,2077.0
330,337,Anclajo,1681.0,1823.0,8590.0,950.0,321.0,100.0,8160500.0,8174100,1768.0,2077.0
331,338,Aquanautic,3171.0,3735.0,11000.0,1145.0,376.0,155.0,12595000.0,13704900,3584.0,3989.0
332,339,Archelle,1493.0,1859.0,8490.0,958.0,280.0,120.0,8133420.0,8174100,1768.0,2077.0
333,340,Argonaut,2290.0,3335.0,10553.0,1049.0,316.0,112.0,11070097.0,12322200,2676.0,3511.0
334,341,Argonon,6060.0,6316.0,11000.0,1620.0,503.0,160.0,17820000.0,17853000,6308.0,6379.0
335,342,Asterix,2261.0,2586.0,8489.0,1145.0,370.0,112.0,9719905.0,10939500,2676.0,3033.0
336,343,Bach,2961.0,3514.0,11000.0,1125.0,347.0,160.0,12375000.0,13704900,3130.0,3989.0
337,344,Banzystad,4298.0,4878.0,10950.0,1355.0,426.0,139.0,14837250.0,15087600,4492.0,4945.0
338,345,Barones,8746.0,9048.0,13491.0,1755.0,501.0,132.0,23676705.0,24766500,9032.0,9247.0
339,346,Bauke,2666.0,3030.0,11000.0,1143.0,320.0,126.0,12573000.0,13704900,2676.0,3033.0
340,347,Beaufort,6975.0,7287.0,13484.0,1507.0,461.0,150.0,20320388.0,20618400,7216.0,7335.0
341,348,Belize,3032.0,3352.0,10984.0,1144.0,351.0,130.0,12565696.0,13704900,3130.0,3511.0
342,349,Bellator,1748.0,1784.0,8467.0,952.0,331.0,138.0,8060584.0,8174100,1768.0,2077.0
343,350,Beringzee,4203.0,4906.0,11000.0,1350.0,420.0,145.0,14850000.0,15087600,4492.0,4945.0
344,351,Bernhard Burmester,1285.0,1677.0,7994.0,900.0,272.0,150.0,7194600.0,8174100,1314.0,2077.0
345,352,Birjo II,3495.0,4454.0,11000.0,1136.0,392.0,80.0,12496000.0,13704900,3584.0,4467.0
346,353,Bjorn,1324.0,1700.0,8498.0,899.0,252.0,90.0,7639702.0,8174100,1768.0,2077.0
347,354,Bohemia II,3349.0,4146.0,12486.0,1140.0,350.0,100.0,14234040.0,15087600,3584.0,4467.0
348,355,Bonaire,3098.0,3719.0,11000.0,1145.0,370.0,98.0,12595000.0,13704900,3130.0,3989.0
349,356,Boston,3277.0,3777.0,11000.0,1145.0,377.0,97.0,12595000.0,13704900,3584.0,3989.0
350,357,Bumbastad,1403.0,1647.0,8485.0,941.0,294.0,160.0,7984385.0,8174100,1768.0,2077.0
351,358,California,6467.0,6317.0,10996.0,1620.0,514.0,180.0,17813520.0,17853000,6762.0,6379.0
352,359,Carpe Auroram,4135.0,5130.0,13497.0,1145.0,388.0,131.0,15454065.0,16470300,4492.0,5423.0
353,360,Cayenne,3280.0,4055.0,10975.0,1140.0,388.0,113.0,12511500.0,13704900,3584.0,4467.0
354,361,Celina,2142.0,3299.0,10506.0,1048.0,300.0,140.0,11010288.0,12322200,2222.0,3511.0
355,362,Cerambycida,1089.0,1478.0,7705.0,824.0,261.0,72.0,6348920.0,6791400,1314.0,1599.0
356,363,Chamisa-D,6980.0,7267.0,13500.0,1507.0,461.0,170.0,20344500.0,20618400,7216.0,7335.0
357,364,Cito,3228.0,3764.0,11000.0,1145.0,376.0,160.0,12595000.0,13704900,3584.0,3989.0
358,365,Commander,5976.0,6884.0,13469.0,1499.0,420.0,130.0,20190031.0,20618400,6308.0,7335.0
359,366,Compagnon,2995.0,3761.0,11000.0,1145.0,360.0,160.0,12595000.0,13704900,3130.0,3989.0
360,367,Componist,4539.0,5129.0,13500.0,1140.0,411.0,155.0,15390000.0,16470300,4946.0,5423.0
361,368,Conquest,4030.0,4364.0,12500.0,1145.0,405.0,104.0,14312500.0,15087600,4038.0,4467.0
362,369,Constellation,3497.0,4405.0,12490.0,1145.0,365.0,130.0,14301050.0,15087600,3584.0,4467.0
363,370,Convenant,4235.0,4520.0,11000.0,1350.0,420.0,95.0,14850000.0,15087600,4492.0,4945.0
364,371,Cristina,4249.0,4514.0,11000.0,1350.0,420.0,160.0,14850000.0,15087600,4492.0,4945.0
365,372,Curacao,3177.0,3737.0,11000.0,1145.0,370.0,125.0,12595000.0,13704900,3584.0,3989.0
366,373,Da Vinci,3668.0,3689.0,10994.0,1138.0,420.0,180.0,12511172.0,13704900,4038.0,3989.0
367,374,Debotank,2968.0,3500.0,11000.0,1125.0,335.0,109.0,12375000.0,13704900,3130.0,3511.0
368,375,Delfshaven,3135.0,3728.0,10995.0,1145.0,375.0,105.0,12589275.0,13704900,3584.0,3989.0
369,376,Desiree,1022.0,1465.0,7980.0,817.0,256.0,130.0,6519660.0,6791400,1314.0,1599.0
370,377,Desperado,4228.0,4894.0,11000.0,1354.0,422.0,165.0,14894000.0,15087600,4492.0,4945.0
371,378,Doina,1306.0,1672.0,7994.0,900.0,270.0,68.0,7194600.0,8174100,1314.0,2077.0
372,379,Dortsman,8656.0,8846.0,13491.0,1755.0,501.0,132.0,23676705.0,24766500,9032.0,9247.0
373,380,Duandra,6136.0,6299.0,10986.0,1620.0,497.0,180.0,17797320.0,17853000,6308.0,6379.0
374,381,Dubai,2942.0,3600.0,11000.0,1055.0,357.0,587.0,11605000.0,12322200,3130.0,3989.0
375,382,Dutch Prada,2780.0,3010.0,11000.0,1145.0,331.0,90.0,12595000.0,13704900,3130.0,3033.0
376,383,Ecotanker III,2877.0,3127.0,11000.0,1144.0,346.0,160.0,12584000.0,13704900,3130.0,3511.0
377,384,Eemstroom,2008.0,2341.0,8590.0,1140.0,341.0,150.0,9792600.0,10939500,2222.0,2555.0
378,385,Eiltank 1,1457.0,1872.0,8598.0,900.0,274.0,69.0,7738200.0,8174100,1768.0,2077.0
379,386,Eiltank 113,1452.0,1964.0,8596.0,948.0,272.0,71.0,8149008.0,8174100,1768.0,2077.0
380,387,Eiltank 16,1370.0,1564.0,8600.0,950.0,280.0,135.0,8170000.0,8174100,1768.0,1599.0
381,388,Eiltank 30,1286.0,1674.0,8000.0,900.0,272.0,77.0,7200000.0,8174100,1314.0,2077.0
382,389,Eiltank 6,1685.0,1881.0,8598.0,960.0,310.0,100.0,8254080.0,9556800,1768.0,2077.0
383,390,Saskia Reich,2582.0,3031.0,11000.0,1145.0,30300.0,83.0,12595000.0,13704900,2676.0,3033.0
384,391,Elisa S,8723.0,9016.0,13500.0,1750.0,501.0,85.0,23625000.0,24766500,9032.0,9247.0
385,392,Emma,2993.0,3800.0,10990.0,1145.0,361.0,104.0,12583550.0,13704900,3130.0,3989.0
386,393,Endeavour,2555.0,3014.0,11000.0,1140.0,315.0,90.0,12540000.0,13704900,2676.0,3033.0
387,394,Evita,1385.0,1826.0,8397.0,899.0,260.0,90.0,7548903.0,8174100,1768.0,2077.0
388,395,Famke,1489.0,2003.0,8455.0,950.0,285.0,77.0,8032250.0,8174100,1768.0,2077.0
389,396,Fantoom,3005.0,3777.0,11000.0,1145.0,360.0,148.0,12595000.0,13704900,3130.0,3989.0
390,397,Feronia,2320.0,2962.0,10475.0,955.0,330.0,140.0,10003625.0,10939500,2676.0,3033.0
391,398,Finitor,3504.0,3821.0,11486.0,1146.0,415.0,185.0,13162956.0,13704900,3584.0,3989.0
392,399,Florida,3118.0,3764.0,10986.0,1145.0,379.0,150.0,12578970.0,13704900,3130.0,3989.0
393,400,Fueltrans 6,1123.0,1407.0,7795.0,824.0,263.0,64.0,6423080.0,6791400,1314.0,1599.0
394,401,Galapagos,2994.0,4048.0,10990.0,1140.0,366.0,135.0,12528600.0,13704900,3130.0,4467.0
395,402,Galypsos,3594.0,4390.0,13479.0,1145.0,350.0,160.0,15433455.0,16470300,4038.0,4467.0
396,403,Genova,1223.0,1519.0,7995.0,825.0,272.0,148.0,6595875.0,6791400,1314.0,1599.0
397,404,Geulstroom,1113.0,1550.0,7992.0,952.0,260.0,140.0,7608384.0,8174100,1314.0,1599.0
398,405,Gigantia,4296.0,4976.0,10975.0,1276.0,415.0,88.0,14004100.0,15087600,4492.0,5423.0
399,406,Girbaud,1648.0,1856.0,8500.0,960.0,300.0,89.0,8160000.0,8174100,1768.0,2077.0
400,407,Glamona,1049.0,1467.0,8284.0,702.0,265.0,100.0,5815368.0,6791400,1314.0,1599.0
401,408,Goya,1379.0,1550.0,8593.0,950.0,270.0,100.0,8163350.0,8174100,1768.0,1599.0
402,409,Guadeloupe,8679.0,8991.0,13500.0,1755.0,501.0,103.0,23692500.0,24766500,9032.0,9247.0
403,410,Haldis,3164.0,3773.0,10996.0,1143.0,376.0,150.0,12568428.0,13704900,3584.0,3989.0
404,411,Hanna,3550.0,4135.0,10996.0,1350.0,375.0,155.0,14844600.0,15087600,3584.0,4467.0
405,412,Hannah,1978.0,2789.0,11000.0,911.0,292.0,135.0,10021000.0,10939500,2222.0,3033.0
406,413,Hazard,2866.0,3372.0,11000.0,1140.0,340.0,92.0,12540000.0,13704900,3130.0,3511.0
407,414,Heide,1969.0,2117.0,8586.0,1100.0,292.0,130.0,9444600.0,9556800,2222.0,2555.0
408,416,Hollandia,2335.0,2652.0,8592.0,1140.0,382.0,155.0,9794880.0,10939500,2676.0,3033.0
409,417,Houston,4193.0,4502.0,11000.0,1350.0,430.0,95.0,14850000.0,15087600,4492.0,4945.0
410,418,Hydrus,4221.0,4505.0,11000.0,1350.0,420.0,160.0,14850000.0,15087600,4492.0,4945.0
411,419,Immunity,3179.0,3781.0,10997.0,1145.0,377.0,160.0,12591565.0,13704900,3584.0,3989.0
412,420,Imola,2792.0,3006.0,11000.0,1144.0,331.0,89.0,12584000.0,13704900,3130.0,3033.0
413,421,Ingrit,1202.0,1690.0,8500.0,818.0,277.0,89.0,6953000.0,8174100,1314.0,2077.0
414,422,Innovatie IV,2171.0,2901.0,9166.0,900.0,329.0,622.0,8249400.0,9556800,2222.0,3033.0
415,423,Inventory,3676.0,3760.0,10984.0,1145.0,430.0,130.0,12576680.0,13704900,4038.0,3989.0
416,424,Isabel,2204.0,2799.0,10500.0,900.0,329.0,329.0,9450000.0,9556800,2222.0,3033.0
417,425,Istoromi,3143.0,4054.0,10995.0,1140.0,375.0,103.0,12534300.0,13704900,3584.0,4467.0
418,426,Izar,2877.0,3020.0,10999.0,1143.0,341.0,130.0,12571857.0,13704900,3130.0,3033.0
419,427,Janina-R,2630.0,3035.0,10999.0,1145.0,307.0,83.0,12593855.0,13704900,2676.0,3511.0
420,428,Jenero,3944.0,4537.0,13500.0,1145.0,372.0,122.0,15457500.0,16470300,4038.0,4945.0
421,429,Jowi,1052.0,1268.0,7992.0,752.0,501.0,501.0,6009984.0,6791400,1314.0,1599.0
422,430,Kaapstad,6132.0,6880.0,13500.0,1500.0,430.0,180.0,20250000.0,20618400,6308.0,7335.0
423,431,Kalahari,4289.0,4319.0,11000.0,1354.0,428.0,170.0,14894000.0,15087600,4492.0,4467.0
424,432,Karbouw,3201.0,3799.0,10900.0,1145.0,376.0,145.0,12480500.0,13704900,3584.0,3989.0
425,433,Kimberley,1139.0,1471.0,8000.0,819.0,262.0,120.0,6552000.0,6791400,1314.0,1599.0
426,434,Leny,1643.0,1841.0,8484.0,960.0,320.0,130.0,8144640.0,8174100,1768.0,2077.0
427,435,Leopoldstad,6349.0,6884.0,13500.0,1500.0,432.0,155.0,20250000.0,20618400,6762.0,7335.0
428,436,Libertas II,2714.0,2912.0,8275.0,1142.0,413.0,270.0,9450050.0,9556800,3130.0,3033.0
429,437,Lire,2656.0,2991.0,11000.0,1050.0,345.0,150.0,11550000.0,12322200,2676.0,3033.0
430,438,Lloydkade,2495.0,3482.0,10990.0,1050.0,315.0,78.0,11539500.0,12322200,2676.0,3511.0
431,439,Lobelia,2630.0,3032.0,10996.0,1144.0,307.0,110.0,12579424.0,13704900,2676.0,3033.0
432,440,Lorentz,3548.0,3758.0,10999.0,1140.0,409.0,150.0,12538860.0,13704900,3584.0,3989.0
433,441,Louis,1374.0,1690.0,8494.0,964.0,280.0,93.0,8188216.0,9556800,1768.0,2077.0
434,442,Magic,1981.0,2646.0,10492.0,950.0,280.0,103.0,9967400.0,10939500,2222.0,3033.0
435,443,Maintal,2730.0,3216.0,11000.0,1145.0,330.0,94.0,12595000.0,13704900,3130.0,3511.0
436,444,Malta,2865.0,3008.0,10992.0,1144.0,341.0,95.0,12574848.0,13704900,3130.0,3033.0
437,445,Manouk,3104.0,4056.0,10975.0,1140.0,374.0,150.0,12511500.0,13704900,3130.0,4467.0
438,446,Manouk III,2780.0,3014.0,11000.0,1145.0,331.0,122.0,12595000.0,13704900,3130.0,3033.0
439,447,Marbella,8604.0,9002.0,13497.0,1755.0,501.0,129.0,23687235.0,24766500,9032.0,9247.0
440,448,Maria,1710.0,1967.0,8596.0,960.0,312.0,95.0,8252160.0,9556800,1768.0,2077.0
441,449,Maria Deymann,2016.0,2480.0,9991.0,950.0,335.0,102.0,9491450.0,9556800,2222.0,2555.0
442,450,Marina,2222.0,2850.0,10990.0,902.0,313.0,120.0,9912980.0,10939500,2222.0,3033.0
443,451,Marmara,2535.0,3024.0,10984.0,1140.0,311.0,95.0,12521760.0,13704900,2676.0,3033.0
444,452,Marpol 14,9950.0,950.0,7492.0,751.0,262.0,122.0,5626492.0,6791400,10394.0,1121.0
445,453,Mart,2894.0,3017.0,10999.0,1144.0,340.0,140.0,12582856.0,13704900,3130.0,3033.0
446,454,Matrico,3350.0,4180.0,12485.0,1139.0,350.0,99.0,14220415.0,15087600,3584.0,4467.0
447,455,Maxwell,2029.0,2045.0,8599.0,1140.0,332.0,148.0,9802860.0,10939500,2222.0,2077.0
448,456,Memphis,3265.0,3771.0,11000.0,1145.0,376.0,160.0,12595000.0,13704900,3584.0,3989.0
449,457,Midway,4221.0,4514.0,11000.0,1350.0,421.0,90.0,14850000.0,15087600,4492.0,4945.0
450,458,Milly,1503.0,1870.0,8585.0,960.0,300.0,110.0,8241600.0,9556800,1768.0,2077.0
451,459,Minor,1213.0,1516.0,8000.0,819.0,271.0,120.0,6552000.0,6791400,1314.0,1599.0
452,460,Mintra 3,1408.0,1917.0,8145.0,948.0,281.0,425.0,7721460.0,8174100,1768.0,2077.0
453,461,Mistral,3354.0,4149.0,12486.0,1140.0,350.0,100.0,14234040.0,15087600,3584.0,4467.0
454,462,Montreal,4181.0,4509.0,11000.0,1358.0,416.0,95.0,14938000.0,15087600,4492.0,4945.0
455,463,Neptunus,3001.0,3410.0,10982.0,1140.0,370.0,110.0,12519480.0,13704900,3130.0,3511.0
456,464,Nevada,2798.0,2975.0,10988.0,1144.0,331.0,100.0,12570272.0,13704900,3130.0,3033.0
457,465,Nicky,1692.0,1867.0,8590.0,960.0,320.0,94.0,8246400.0,9556800,1768.0,2077.0
458,466,Noorderhoofd,1226.0,1470.0,7990.0,826.0,271.0,140.0,6599740.0,6791400,1314.0,1599.0
459,467,Oceanic,1296.0,1508.0,8500.0,956.0,273.0,130.0,8126000.0,8174100,1314.0,1599.0
460,468,Odorata,1011.0,1296.0,8254.0,776.0,252.0,81.0,6405104.0,6791400,1314.0,1599.0
461,469,Okuporos,860.0,1182.0,7012.0,727.0,254.0,120.0,5097724.0,5408700,860.0,1599.0
462,470,Oostzee,4241.0,4973.0,13000.0,1145.0,399.0,170.0,14885000.0,15087600,4492.0,5423.0
463,471,Paceas,2452.0,3242.0,10945.0,1140.0,321.0,146.0,12477300.0,13704900,2676.0,3511.0
464,472,Pacific,2420.0,3244.0,10495.0,1054.0,319.0,140.0,11061730.0,12322200,2676.0,3511.0
465,473,Pafos,3705.0,4454.0,10910.0,1136.0,401.0,160.0,12393760.0,13704900,4038.0,4467.0
466,474,Pallas,2996.0,4067.0,10985.0,1138.0,342.0,160.0,12500930.0,13704900,3130.0,4467.0
467,475,Pamir,2946.0,3784.0,10990.0,1145.0,356.0,160.0,12583550.0,13704900,3130.0,3989.0
468,476,Panera,3510.0,3812.0,13500.0,1140.0,331.0,100.0,15390000.0,16470300,3584.0,3989.0
469,477,Patmos,2995.0,3659.0,10996.0,1140.0,392.0,170.0,12535440.0,13704900,3130.0,3989.0
470,478,Paul Burmester,1329.0,1886.0,8140.0,950.0,285.0,160.0,7733000.0,8174100,1768.0,2077.0
471,479,Paxi,2463.0,2942.0,10482.0,955.0,350.0,150.0,10010310.0,10939500,2676.0,3033.0
472,480,Phantom,1420.0,1760.0,7992.0,948.0,282.0,67.0,7576416.0,8174100,1768.0,2077.0
473,481,Pilator,3228.0,3779.0,11000.0,1145.0,376.0,100.0,12595000.0,13704900,3584.0,3989.0
474,482,Piz Languard,2706.0,3300.0,10950.0,1125.0,338.0,130.0,12318750.0,12322200,3130.0,3511.0
475,483,Piz Palue,2645.0,3023.0,11000.0,1142.0,320.0,130.0,12562000.0,13704900,2676.0,3033.0
476,484,Pluto,1564.0,1884.0,8584.0,960.0,307.0,135.0,8240640.0,9556800,1768.0,2077.0
477,485,Port 4,1411.0,1138.0,7989.0,900.0,317.0,140.0,7190100.0,8174100,1768.0,1599.0
478,486,Pride of Faial,2886.0,3410.0,10994.0,1145.0,340.0,89.0,12588130.0,13704900,3130.0,3511.0
479,487,Primera,6673.0,7570.0,13499.0,1680.0,420.0,210.0,22678320.0,23383800,6762.0,7813.0
480,488,Puccini,2375.0,2638.0,8600.0,1145.0,380.0,148.0,9847000.0,10939500,2676.0,3033.0
481,489,Quadrans I,3233.0,3768.0,11000.0,1145.0,377.0,160.0,12595000.0,13704900,3584.0,3989.0
482,490,Quantum,1199.0,643.0,8000.0,819.0,185.0,120.0,6552000.0,6791400,1314.0,643.0
483,491,Regentes,8723.0,9016.0,13500.0,1755.0,501.0,85.0,23692500.0,24766500,9032.0,9247.0
484,492,Renee,3224.0,3772.0,11000.0,1145.0,376.0,130.0,12595000.0,13704900,3584.0,3989.0
485,493,Rezovar,2581.0,3014.0,11000.0,1144.0,313.0,150.0,12584000.0,13704900,2676.0,3033.0
486,494,Rhody,4037.0,4927.0,12192.0,1333.0,369.0,130.0,16251936.0,16470300,4038.0,4945.0
487,495,Rigel,1188.0,1572.0,7951.0,898.0,260.0,77.0,7139998.0,8174100,1314.0,1599.0
488,496,Riva,2504.0,3021.0,11000.0,1145.0,312.0,119.0,12595000.0,13704900,2676.0,3033.0
489,497,Rojas,3123.0,3731.0,10996.0,1145.0,376.0,120.0,12590420.0,13704900,3130.0,3989.0
490,498,Roxanna,2595.0,3350.0,11000.0,1145.0,333.0,160.0,12595000.0,13704900,2676.0,3511.0
491,499,Rozalinde,3498.0,4408.0,11000.0,1355.0,360.0,165.0,14905000.0,15087600,3584.0,4467.0
492,500,RP Dordrecht,2544.0,3027.0,11000.0,1145.0,311.0,137.0,12595000.0,13704900,2676.0,3033.0
493,501,RP Wien,2519.0,3297.0,11000.0,1050.0,333.0,111.0,11550000.0,12322200,2676.0,3511.0
494,502,RPG Bristol,2641.0,3025.0,11000.0,1140.0,321.0,100.0,12540000.0,13704900,2676.0,3033.0
495,503,RPG Stockholm,2653.0,3016.0,11000.0,1140.0,321.0,100.0,12540000.0,13704900,2676.0,3033.0
496,504,RPG Stuttgart,2653.0,3016.0,11000.0,1140.0,321.0,100.0,12540000.0,13704900,2676.0,3033.0
497,505,Rygo,3999.0,4439.0,12500.0,1145.0,404.0,175.0,14312500.0,15087600,4038.0,4467.0
498,506,Sally,2229.0,2900.0,10500.0,900.0,329.0,100.0,9450000.0,9556800,2676.0,3033.0
499,507,Salvia,1306.0,1668.0,8000.0,900.0,272.0,108.0,7200000.0,8174100,1314.0,2077.0
500,508,Santos,1203.0,1580.0,8000.0,819.0,269.0,94.0,6552000.0,6791400,1314.0,1599.0
501,509,Sascha,2295.0,2620.0,8486.0,1145.0,387.0,120.0,9716470.0,10939500,2676.0,3033.0
502,510,Savona,3549.0,4151.0,11000.0,1145.0,405.0,95.0,12595000.0,13704900,3584.0,4467.0
503,511,Scaldis,3801.0,4560.0,10986.0,1350.0,386.0,100.0,14831100.0,15087600,4038.0,4945.0
504,512,Senda,1374.0,1686.0,8500.0,960.0,280.0,93.0,8160000.0,8174100,1768.0,2077.0
505,513,Serano,4269.0,4893.0,10984.0,1354.0,426.0,111.0,14872336.0,15087600,4492.0,4945.0
506,514,Shandy,3042.0,3550.0,10992.0,1054.0,365.0,76.0,11585568.0,12322200,3130.0,3989.0
507,515,Sibo,3203.0,3780.0,11000.0,1145.0,376.0,105.0,12595000.0,13704900,3584.0,3989.0
508,516,Sombra,3323.0,3705.0,10999.0,1145.0,390.0,136.0,12593855.0,13704900,3584.0,3989.0
509,517,Somtrans 3,2877.0,3536.0,10992.0,1054.0,360.0,140.0,11585568.0,12322200,3130.0,3989.0
510,518,Somtrans 10,5801.0,6870.0,13500.0,1500.0,411.0,180.0,20250000.0,20618400,5854.0,7335.0
511,519,Somtrans 11,5790.0,6891.0,13460.0,1499.0,412.0,180.0,20176540.0,20618400,5854.0,7335.0
512,520,Somtrans 13,6609.0,10220.0,13500.0,1685.0,405.0,160.0,22747500.0,23383800,6762.0,10681.0
513,521,Somtrans 14,5823.0,6883.0,13469.0,1500.0,412.0,140.0,20203500.0,20618400,5854.0,7335.0
514,522,Somtrans 15,2702.0,3018.0,10990.0,1140.0,320.0,140.0,12528600.0,13704900,3130.0,3033.0
515,523,Somtrans 16,2702.0,3022.0,10990.0,1140.0,321.0,140.0,12528600.0,13704900,3130.0,3033.0
516,524,Somtrans 17,3546.0,4258.0,10999.0,1333.0,365.0,180.0,14661667.0,15087600,3584.0,4467.0
517,525,Somtrans 20,4296.0,5162.0,13500.0,1145.0,399.0,170.0,15457500.0,16470300,4492.0,5423.0
518,526,Somtrans 22,1703.0,1905.0,8596.0,960.0,313.0,130.0,8252160.0,9556800,1768.0,2077.0
519,527,Somtrans 24,3134.0,3532.0,11000.0,1145.0,374.0,160.0,12595000.0,13704900,3584.0,3989.0
520,528,Somtrans 29,6298.0,6786.0,13500.0,1500.0,450.0,138.0,20250000.0,20618400,6308.0,6857.0
521,529,Somtrans 25,7162.0,9017.0,13500.0,1750.0,432.0,160.0,23625000.0,24766500,7216.0,9247.0
522,530,Somtrans 26,8001.0,9012.0,13500.0,1755.0,470.0,180.0,23692500.0,24766500,8124.0,9247.0
523,531,Somtrans 27,8701.0,9000.0,13500.0,1755.0,500.0,160.0,23692500.0,24766500,9032.0,9247.0
524,532,Somtrans 28,6280.0,6634.0,13500.0,1500.0,430.0,138.0,20250000.0,20618400,6308.0,6857.0
525,533,Somtrans 30,6235.0,6782.0,13500.0,1500.0,428.0,140.0,20250000.0,20618400,6308.0,6857.0
526,534,Somtrans 31,6384.0,6784.0,13500.0,1500.0,430.0,141.0,20250000.0,20618400,6762.0,6857.0
527,535,Somtrans 32,7890.0,8250.0,13500.0,1620.0,501.0,160.0,21870000.0,22001100,8124.0,8291.0
528,536,Somtrans 33,7845.0,8256.0,13500.0,1620.0,499.0,160.0,21870000.0,22001100,8124.0,8291.0
529,537,Sovereign,5814.0,5920.0,13482.0,1354.0,451.0,170.0,18254628.0,19235700,5854.0,6379.0
530,538,Specht,1535.0,1834.0,8600.0,950.0,308.0,101.0,8170000.0,8174100,1768.0,2077.0
531,539,Speelman,6330.0,6764.0,13500.0,1500.0,430.0,160.0,20250000.0,20618400,6762.0,6857.0
532,540,Stavoridia,1890.0,2278.0,8580.0,1140.0,330.0,140.0,9781200.0,10939500,2222.0,2555.0
533,541,Stavria,887.0,1038.0,7000.0,704.0,277.0,150.0,4928000.0,5408700,1314.0,1121.0
534,542,Talisman,4296.0,4902.0,10984.0,1354.0,426.0,160.0,14872336.0,15087600,4492.0,4945.0
535,543,Talo,1059.0,1387.0,7298.0,819.0,260.0,130.0,5977062.0,6791400,1314.0,1599.0
536,544,Tamariva,1507.0,1898.0,8559.0,1048.0,295.0,140.0,8969832.0,9556800,1768.0,2077.0
537,545,Telstar,3180.0,3782.0,10993.0,1144.0,375.0,130.0,12575992.0,13704900,3584.0,3989.0
538,546,Thalys,8277.0,8977.0,13500.0,1750.0,480.0,102.0,23625000.0,24766500,8578.0,9247.0
539,547,Neckartal,2426.0,3026.0,10499.0,1145.0,315.0,95.0,12021355.0,12322200,2676.0,3033.0
540,548,Thrasos,2716.0,3245.0,10940.0,1140.0,362.0,195.0,12471600.0,13704900,3130.0,3511.0
541,550,Toermalijn,3086.0,3915.0,10500.0,1140.0,372.0,160.0,11970000.0,12322200,3130.0,3989.0
542,551,Treasure,2214.0,2788.0,10934.0,958.0,320.0,89.0,10474772.0,10939500,2222.0,3033.0
543,552,Tristan,4580.0,5160.0,13500.0,1145.0,416.0,94.0,15457500.0,16470300,4946.0,5423.0
544,553,Turquoise,4221.0,4497.0,10999.0,1354.0,421.0,180.0,14892646.0,15087600,4492.0,4945.0
545,554,Typhoon,987.0,1257.0,7916.0,792.0,252.0,140.0,6269472.0,6791400,1314.0,1599.0
546,555,Monica,3456.0,4141.0,12490.0,1145.0,361.0,102.0,14301050.0,15087600,3584.0,4467.0
547,556,Valparaiso,1584.0,1932.0,7983.0,955.0,300.0,120.0,7623765.0,8174100,1768.0,2077.0
548,557,Vancouver,4235.0,4507.0,11000.0,1350.0,420.0,95.0,14850000.0,15087600,4492.0,4945.0
549,558,Veerman,3240.0,3786.0,10985.0,1140.0,377.0,158.0,12522900.0,13704900,3584.0,3989.0
550,559,Velocity,3410.0,4109.0,12499.0,1145.0,351.0,95.0,14311355.0,15087600,3584.0,4467.0
551,560,Ventrans II,2558.0,3032.0,11000.0,1140.0,316.0,120.0,12540000.0,13704900,2676.0,3033.0
552,561,Vespucci,3181.0,3747.0,11000.0,1145.0,371.0,150.0,12595000.0,13704900,3584.0,3989.0
553,562,Vesta,1430.0,1670.0,7984.0,950.0,281.0,69.0,7584800.0,8174100,1768.0,2077.0
554,563,Vidi,2917.0,3015.0,10980.0,1144.0,341.0,95.0,12561120.0,13704900,3130.0,3033.0
555,564,Vira,1082.0,1366.0,7695.0,819.0,260.0,105.0,6302205.0,6791400,1314.0,1599.0
556,565,Viraya,4558.0,5173.0,13500.0,1145.0,421.0,129.0,15457500.0,16470300,4946.0,5423.0
557,566,Volendam,1917.0,2093.0,8595.0,1144.0,325.0,106.0,9832680.0,10939500,2222.0,2555.0
558,567,Voyager,2555.0,3022.0,11000.0,1140.0,314.0,130.0,12540000.0,13704900,2676.0,3033.0
559,568,Waalstroom,1106.0,1548.0,7986.0,952.0,261.0,132.0,7602672.0,8174100,1314.0,1599.0
560,569,Wapper,2443.0,2950.0,8468.0,1136.0,360.0,180.0,9619648.0,10939500,2676.0,3033.0
561,570,Westzee,4521.0,5175.0,13500.0,1145.0,416.0,176.0,15457500.0,16470300,4946.0,5423.0
562,571,Zeeleeuw,2473.0,2816.0,7650.0,1140.0,370.0,82.0,8721000.0,9556800,2676.0,3033.0
563,572,Zeno,2348.0,3010.0,10995.0,1140.0,300.0,100.0,12534300.0,13704900,2676.0,3033.0
564,573,Zuidwal,2675.0,3045.0,11000.0,1140.0,325.0,130.0,12540000.0,13704900,2676.0,3511.0
565,574,Zuidzee,4135.0,5113.0,13500.0,1145.0,388.0,170.0,15457500.0,16470300,4492.0,5423.0
566,575,Endurance II,3354.0,3738.0,11000.0,1145.0,383.0,140.0,12595000.0,13704900,3584.0,3989.0
567,577,Damiano,1629.0,1831.0,8500.0,960.0,320.0,99.0,8160000.0,8174100,1768.0,2077.0
568,578,Illusion,3942.0,4523.0,10998.0,1353.0,380.0,100.0,14880294.0,15087600,4038.0,4945.0
569,579,Eiltank 84,1644.0,1858.0,8585.0,960.0,316.0,96.0,8241600.0,9556800,1768.0,2077.0
570,580,Louisa,1385.0,1760.0,8478.0,948.0,285.0,120.0,8037144.0,8174100,1768.0,2077.0
571,581,Nieuwe Maas,3008.0,3357.0,11000.0,1144.0,351.0,130.0,12584000.0,13704900,3130.0,3511.0
572,582,Connemara,3047.0,4023.0,11000.0,1145.0,371.0,98.0,12595000.0,13704900,3130.0,4467.0
573,584,Forens,3273.0,4140.0,12500.0,1145.0,350.0,101.0,14312500.0,15087600,3584.0,4467.0
574,585,Ayasofya,2877.0,3016.0,10999.0,1143.0,341.0,120.0,12571857.0,13704900,3130.0,3033.0
575,586,Independent,1553.0,1791.0,8467.0,950.0,331.0,140.0,8043650.0,8174100,1768.0,2077.0
576,587,Moinos,2563.0,3448.0,10982.0,1145.0,320.0,97.0,12574390.0,13704900,2676.0,3511.0
577,588,Pia,1353.0,1837.0,8594.0,961.0,285.0,130.0,8258834.0,9556800,1768.0,2077.0
578,589,Tizian,2846.0,3404.0,10993.0,1145.0,330.0,86.0,12586985.0,13704900,3130.0,3511.0
579,591,Tripolis,2660.0,3010.0,10988.0,1144.0,325.0,124.0,12570272.0,13704900,2676.0,3033.0
580,592,Chris,2789.0,3025.0,11000.0,1145.0,336.0,120.0,12595000.0,13704900,3130.0,3033.0
581,593,Alukard,2540.0,3387.0,10983.0,1145.0,323.0,110.0,12575535.0,13704900,2676.0,3511.0
582,594,Servio,3366.0,3747.0,11000.0,1145.0,382.0,125.0,12595000.0,13704900,3584.0,3989.0
